{"cameraMode":{"drawMode":0,"name":"Shaded","section":"Shading Mode"},"sceneLighting":true,"audioPlay":false,"sceneViewState":{"m_AlwaysRefresh":false,"showFog":true,"showSkybox":true,"showFlares":true,"showImageEffects":true,"showParticleSystems":true,"showVisualEffectGraphs":true,"m_FxEnabled":true},"in2DMode":false,"pivot":{"x":-7.5970258712768559,"y":-2.6729331016540529,"z":-13.615900993347168},"rotation":{"x":0.05553003028035164,"y":-0.9070287942886353,"z":0.39788755774497988,"w":0.12650088965892793},"size":7.218229293823242,"orthographic":false}