{"cameraMode":{"drawMode":0,"name":"Shaded","section":"Shading Mode"},"sceneLighting":true,"audioPlay":false,"sceneViewState":{"m_AlwaysRefresh":false,"showFog":true,"showSkybox":true,"showFlares":true,"showImageEffects":true,"showParticleSystems":true,"showVisualEffectGraphs":true,"m_FxEnabled":true},"in2DMode":false,"pivot":{"x":-6.413672924041748,"y":-2.672142505645752,"z":-13.701526641845704},"rotation":{"x":0.019142912700772287,"y":-0.9316390156745911,"z":0.3596305549144745,"w":0.049493223428726199},"size":7.218229293823242,"orthographic":false}